TASK NAME,dependencies,start date,due date,task type,estimated time
1.00 Έργο | Σύνολο (διοίκηση/κατασκευή/παράδοση),,2025-11-03,2027-10-20,task,717
"1.01 Kick-off, Project Execution Plan (PEP), RACI, stakeholder map",,2025-11-03,2025-11-09,task,7
"1.02 ΣΑΥ/ΦΑΥ, HSE Plan, site inductions","1.01 Kick-off, Project Execution Plan (PEP), RACI, stakeholder map",2025-11-03,2025-11-16,task,14
"1.03 Quality Plan, ITPs, checklists (οπλισμοί/σκυρόδεμα/στεγανώσεις/ΗΜ)","1.01 Kick-off, Project Execution Plan (PEP), RACI, stakeholder map",2025-11-06,2025-11-23,task,18
"1.04 Procurement Plan & long-lead register (κουφώματα, Α/Θ, πλακίδια, ξυλουργικά)","1.01 Kick-off, Project Execution Plan (PEP), RACI, stakeholder map",2025-11-08,2025-11-28,task,21
"1.05 Εβδομαδιαίο project controls: πρόγραμμα (Gantt), αναφορές, ρίσκα, RFIs","1.01 Kick-off, Project Execution Plan (PEP), RACI, stakeholder map",2025-11-03,2027-10-20,task,717
"1.06 Cost control: επιμετρήσεις, πιστοποιήσεις, πληρωμές υπεργολάβων","1.01 Kick-off, Project Execution Plan (PEP), RACI, stakeholder map",2025-11-03,2027-10-20,task,717
"1.07 Submittals/approvals (υλικά, δείγματα, shop drawings) – rolling","1.04 Procurement Plan & long-lead register (κουφώματα, Α/Θ, πλακίδια, ξυλουργικά)",2025-11-10,2027-10-20,task,710
"1.08 As-built σχέδια, O&M manuals, εγγυήσεις, training φακέλου παράδοσης","1.05 Εβδομαδιαίο project controls: πρόγραμμα (Gantt), αναφορές, ρίσκα, RFIs",2027-06-22,2027-10-20,task,121
"2.01 Εργοταξιακή εγκατάσταση (γραφεία, αποθήκες, WC, σήμανση)","1.02 ΣΑΥ/ΦΑΥ, HSE Plan, site inductions",2025-11-03,2025-11-12,task,10
2.02 Περίφραξη/έλεγχος πρόσβασης/προσωρινές πύλες,"2.01 Εργοταξιακή εγκατάσταση (γραφεία, αποθήκες, WC, σήμανση)",2025-11-06,2025-11-15,task,10
2.03 Προσωρινές παροχές εργοταξίου (ρεύμα/νερό),"2.01 Εργοταξιακή εγκατάσταση (γραφεία, αποθήκες, WC, σήμανση)",2025-11-05,2025-11-19,task,15
"2.04 Τοπογραφική αποτύπωση - οριοθέτηση, benchmarks","1.01 Kick-off, Project Execution Plan (PEP), RACI, stakeholder map",2025-11-03,2025-11-07,task,5
2.05 Πρόσβαση/προσωρινοί δρόμοι – βελτίωση βατότητας,"2.01 Εργοταξιακή εγκατάσταση (γραφεία, αποθήκες, WC, σήμανση)",2025-11-08,2025-11-27,task,20
"3.01 Γενικές χωματουργικές εργασίες (cut/fill, διαμόρφωση πλατώματος)",2.05 Πρόσβαση/προσωρινοί δρόμοι – βελτίωση βατότητας,2025-11-10,2025-12-24,task,45
3.02 Αντιστήριξη πρανών/τοιχία αντιστήριξης (site-wide) – κατασκευή,"3.01 Γενικές χωματουργικές εργασίες (cut/fill, διαμόρφωση πλατώματος)",2025-11-20,2026-02-17,task,90
"3.03 Αποστράγγιση αντιστήριξης (γεωυφάσματα, στραγγιστήρια, σωληνώσεις)",3.02 Αντιστήριξη πρανών/τοιχία αντιστήριξης (site-wide) – κατασκευή,2025-12-10,2026-02-27,task,80
3.04 Επιχώσεις/συμπυκνώσεις/στρώσεις υπόβασης (γενικά),"3.01 Γενικές χωματουργικές εργασίες (cut/fill, διαμόρφωση πλατώματος)",2025-12-25,2026-03-14,task,80
"4.01 Δίκτυο ύδρευσης (κεντρικές σωληνώσεις, φρεάτια, υδρομετρητές) – υποδομές",3.04 Επιχώσεις/συμπυκνώσεις/στρώσεις υπόβασης (γενικά),2026-03-01,2026-07-18,task,140
"4.02 Δίκτυο αποχέτευσης & όμβριων (σωληνώσεις, φρεάτια, συλλεκτήρες)",3.04 Επιχώσεις/συμπυκνώσεις/στρώσεις υπόβασης (γενικά),2026-03-01,2026-08-17,task,170
"4.03 Βιολογικός: πολιτικά (εκσκαφή, βάση, δεξαμενές, φρεάτια)","4.02 Δίκτυο αποχέτευσης & όμβριων (σωληνώσεις, φρεάτια, συλλεκτήρες)",2026-03-31,2026-05-29,task,60
"4.04 Βιολογικός: Η/Μ εξοπλισμός, σωληνώσεις, πίνακας, δοκιμές","4.03 Βιολογικός: πολιτικά (εκσκαφή, βάση, δεξαμενές, φρεάτια)",2026-05-30,2026-07-28,task,60
4.05 Κεντρική ηλεκτροδότηση/γείωση/φρεάτια καλωδίων (υποδομές),3.04 Επιχώσεις/συμπυκνώσεις/στρώσεις υπόβασης (γενικά),2026-03-31,2026-10-06,task,190
"4.06 Δίκτυα ασθενών (data/TV/Wi-Fi backbone, CCTV conduits) – υποδομές",4.05 Κεντρική ηλεκτροδότηση/γείωση/φρεάτια καλωδίων (υποδομές),2026-04-30,2026-09-26,task,150
5.00 Βραχίονας 1 | Σύνολο εργασιών,,2026-02-01,2027-06-22,task,507
"5.01 Βραχίονας 1 | Χάραξη/χαρτογράφηση - παραλαβή αξόνων, υψομετρικά",,2026-02-01,2026-02-02,task,2
5.02 Βραχίονας 1 | Εκσκαφές θεμελίων & διαμόρφωση πρανών (ανά κτίριο),"5.01 Βραχίονας 1 | Χάραξη/χαρτογράφηση - παραλαβή αξόνων, υψομετρικά",2026-02-03,2026-02-12,task,10
5.03 Βραχίονας 1 | Αντιστηρίξεις/προσωρινές υποστηρίξεις & αποστράγγιση (ανά κτίριο),5.02 Βραχίονας 1 | Εκσκαφές θεμελίων & διαμόρφωση πρανών (ανά κτίριο),2026-02-13,2026-02-22,task,10
5.04 Βραχίονας 1 | Θεμελιώσεις (πέδιλα/δοκοί/πλάκα) + γειώσεις θεμελίου,5.03 Βραχίονας 1 | Αντιστηρίξεις/προσωρινές υποστηρίξεις & αποστράγγιση (ανά κτίριο),2026-02-23,2026-03-06,task,12
5.05 Βραχίονας 1 | Φέρων οργανισμός Ο/Σ (ισόγειο/όροφος/κλίμακες/δώμα),5.04 Βραχίονας 1 | Θεμελιώσεις (πέδιλα/δοκοί/πλάκα) + γειώσεις θεμελίου,2026-03-07,2026-04-10,task,35
"5.06 Βραχίονας 1 | Τοιχοποιίες/λιθοδομές, σενάζ, αρμολογήματα (συνοπτικά)",5.05 Βραχίονας 1 | Φέρων οργανισμός Ο/Σ (ισόγειο/όροφος/κλίμακες/δώμα),2026-04-11,2026-04-30,task,20
"5.10 Βραχίονας 1 | Πέρας σκυροδεμάτων, οπτοπλινθοδομών, λιθοδομών","5.06 Βραχίονας 1 | Τοιχοποιίες/λιθοδομές, σενάζ, αρμολογήματα (συνοπτικά)",2026-04-30,2026-04-30,milestone,1
5.11 Βραχίονας 1 | Παραγγελία/έγκριση ξυλοκουφωμάτων (shop drawings & samples),"5.10 Βραχίονας 1 | Πέρας σκυροδεμάτων, οπτοπλινθοδομών, λιθοδομών",2026-05-01,2026-06-29,task,60
"5.12 Βραχίονας 1 | Στέγη/υγρομόνωση/θερμομόνωση (σκεπή, βεράντες, μπαλκόνια)","5.10 Βραχίονας 1 | Πέρας σκυροδεμάτων, οπτοπλινθοδομών, λιθοδομών",2026-05-01,2026-05-20,task,20
5.13 Βραχίονας 1 | Εξωτερικά επιχρίσματα/αρμολογήματα λιθοδομής/βαφές (κέλυφος),"5.10 Βραχίονας 1 | Πέρας σκυροδεμάτων, οπτοπλινθοδομών, λιθοδομών",2026-05-06,2026-06-19,task,45
5.14 Βραχίονας 1 | Υγρομόνωση WC/ντους/κουζίνας + δοκιμή στεγανότητας,"5.10 Βραχίονας 1 | Πέρας σκυροδεμάτων, οπτοπλινθοδομών, λιθοδομών",2026-05-31,2026-06-09,task,10
5.15 Βραχίονας 1 | Προμήθεια αντλίας θερμότητας & εξωτερικών μονάδων (παραγγελία),"5.10 Βραχίονας 1 | Πέρας σκυροδεμάτων, οπτοπλινθοδομών, λιθοδομών",2026-05-31,2026-07-14,task,45
"5.16 Βραχίονας 1 | Εγκατάσταση αντλίας θερμότητας, υδραυλικές/ηλ. συνδέσεις",5.15 Βραχίονας 1 | Προμήθεια αντλίας θερμότητας & εξωτερικών μονάδων (παραγγελία),2027-05-10,2027-05-19,task,10
5.17 Βραχίονας 1 | Πισίνα: εκσκαφή/ξυλότυποι/Ο/Σ κελύφους,5.02 Βραχίονας 1 | Εκσκαφές θεμελίων & διαμόρφωση πρανών (ανά κτίριο),2026-02-08,2026-03-04,task,25
"5.18 Βραχίονας 1 | Πισίνα: στεγάνωση/επένδυση/Η/Μ εξοπλισμός (αντλία, φίλτρα)",5.17 Βραχίονας 1 | Πισίνα: εκσκαφή/ξυλότυποι/Ο/Σ κελύφους,2026-03-05,2026-03-29,task,25
"5.19 Βραχίονας 1 | Πισίνα: δοκιμές, ρύθμιση, παράδοση","5.18 Βραχίονας 1 | Πισίνα: στεγάνωση/επένδυση/Η/Μ εξοπλισμός (αντλία, φίλτρα)",2026-03-30,2026-04-05,task,7
"5.20 Βραχίονας 1 | Ξηρά δόμηση Α΄φάσης (διαμερισματοποίηση, σχάρωμα και","5.10 Βραχίονας 1 | Πέρας σκυροδεμάτων, οπτοπλινθοδομών, λιθοδομών",2026-05-01,2026-06-04,task,30
"5.21 Βραχίονας 1 | Υδραυλικές εργασίες Α΄φάσης (ύδρευση, αποχέτευση, όμβρια)","5.20 Βραχίονας 1 | Ξηρά δόμηση Α΄φάσης (διαμερισματοποίηση, σχάρωμα και",2026-06-05,2026-08-01,task,50
"5.22 Βραχίονας 1 | Ηλεκτρολογικές εργασίες Α' φάσης (καλωδιώσεις, χωνευτά μέρη)","5.20 Βραχίονας 1 | Ξηρά δόμηση Α΄φάσης (διαμερισματοποίηση, σχάρωμα και",2026-06-05,2026-08-01,task,50
5.23 Βραχίονας 1 | Κλιματισμός - αερισμός,"5.20 Βραχίονας 1 | Ξηρά δόμηση Α΄φάσης (διαμερισματοποίηση, σχάρωμα και",2026-06-05,2026-08-01,task,50
5.24 Βραχίονας 1 | Ξηρά δόμηση Β΄φάση (κλείσιμο και των 2 πλευρών,"5.21 Βραχίονας 1 | Υδραυλικές εργασίες Α΄φάσης (ύδρευση, αποχέτευση, όμβρια); 5.22 Βραχίονας 1 | Ηλεκτρολογικές εργασίες Α' φάσης (καλωδιώσεις, χωνευτά μέρη); 5.23 Βραχίονας 1 | Κλιματισμός - αερισμός",2026-08-03,2026-09-04,task,22
5.25 Βραχίονας 1 | Τοποθέτηση ξύλινων κουφωμάτων,5.24 Βραχίονας 1 | Ξηρά δόμηση Β΄φάση (κλείσιμο και των 2 πλευρών,2026-09-05,2026-09-22,task,15
5.26 Βραχίονας 1 | Γεμίσματα δαπέδων,5.25 Βραχίονας 1 | Τοποθέτηση ξύλινων κουφωμάτων,2026-09-23,2026-10-03,task,10
5.27 Βραχίονας 1 | Custom κατασκευές,5.26 Βραχίονας 1 | Γεμίσματα δαπέδων,2026-10-05,2026-10-27,task,20
"5.28 Βραχίονας 1 | Δάπεδα - επενδύσεις (πλακάκια, μάρμαρα)",5.27 Βραχίονας 1 | Custom κατασκευές,2026-10-28,2026-12-31,task,50
5.29 Βραχίονας 1 | Ελαιοχρωματισμοί,"5.28 Βραχίονας 1 | Δάπεδα - επενδύσεις (πλακάκια, μάρμαρα)",2027-01-01,2027-06-01,task,130
5.30 Βραχίονας 1 | Ξυλουργικές εργασίες,"5.28 Βραχίονας 1 | Δάπεδα - επενδύσεις (πλακάκια, μάρμαρα)",2027-02-05,2027-02-27,task,20
"5.31 Βραχίονας 1 | Υδραυλικές εργασίες Β΄φάσης (τοποθέτηση ειδών υγιεινής,",5.29 Βραχίονας 1 | Ελαιοχρωματισμοί,2027-06-02,2027-06-18,task,15
5.32 Βραχίονας 1 | Ηλεκτρολογικές εργασίες Β΄φάσης (τοποθέτηση,5.29 Βραχίονας 1 | Ελαιοχρωματισμοί,2027-06-02,2027-06-18,task,15
5.33 Βραχίονας 1 | Commissioning,"5.31 Βραχίονας 1 | Υδραυλικές εργασίες Β΄φάσης (τοποθέτηση ειδών υγιεινής,; 5.32 Βραχίονας 1 | Ηλεκτρολογικές εργασίες Β΄φάσης (τοποθέτηση",2027-06-19,2027-06-19,milestone,1
5.34 Βραχίονας 1 | καθαρισμός εργοταξίου,5.33 Βραχίονας 1 | Commissioning,2027-06-21,2027-06-21,milestone,1
5.35 Βραχίονας 1 | πέρας κατασκευής,5.34 Βραχίονας 1 | καθαρισμός εργοταξίου,2027-06-22,2027-06-22,milestone,1
6.00 Βραχίονας 2 | Σύνολο εργασιών,,2025-12-02,2027-05-22,task,537
"6.01 Βραχίονας 2 | Χάραξη/χαρτογράφηση - παραλαβή αξόνων, υψομετρικά",,2025-12-02,2025-12-03,task,2
6.02 Βραχίονας 2 | Εκσκαφές θεμελίων & διαμόρφωση πρανών (ανά κτίριο),"6.01 Βραχίονας 2 | Χάραξη/χαρτογράφηση - παραλαβή αξόνων, υψομετρικά",2025-12-04,2025-12-13,task,10
6.03 Βραχίονας 2 | Αντιστηρίξεις/προσωρινές υποστηρίξεις & αποστράγγιση (ανά κτίριο),6.02 Βραχίονας 2 | Εκσκαφές θεμελίων & διαμόρφωση πρανών (ανά κτίριο),2025-12-14,2025-12-23,task,10
6.04 Βραχίονας 2 | Θεμελιώσεις (πέδιλα/δοκοί/πλάκα) + γειώσεις θεμελίου,6.03 Βραχίονας 2 | Αντιστηρίξεις/προσωρινές υποστηρίξεις & αποστράγγιση (ανά κτίριο),2025-12-24,2026-01-04,task,12
6.05 Βραχίονας 2 | Φέρων οργανισμός Ο/Σ (ισόγειο/όροφος/κλίμακες/δώμα),6.04 Βραχίονας 2 | Θεμελιώσεις (πέδιλα/δοκοί/πλάκα) + γειώσεις θεμελίου,2026-01-05,2026-02-08,task,35
"6.06 Βραχίονας 2 | Τοιχοποιίες/λιθοδομές, σενάζ, αρμολογήματα (συνοπτικά)",6.05 Βραχίονας 2 | Φέρων οργανισμός Ο/Σ (ισόγειο/όροφος/κλίμακες/δώμα),2026-02-09,2026-02-28,task,20
"6.10 Βραχίονας 2 | Πέρας σκυροδεμάτων, οπτοπλινθοδομών, λιθοδομών","6.06 Βραχίονας 2 | Τοιχοποιίες/λιθοδομές, σενάζ, αρμολογήματα (συνοπτικά)",2026-02-28,2026-02-28,milestone,1
6.11 Βραχίονας 2 | Παραγγελία/έγκριση ξυλοκουφωμάτων (shop drawings & samples),"6.10 Βραχίονας 2 | Πέρας σκυροδεμάτων, οπτοπλινθοδομών, λιθοδομών",2026-03-01,2026-04-29,task,60
"6.12 Βραχίονας 2 | Στέγη/υγρομόνωση/θερμομόνωση (σκεπή, βεράντες, μπαλκόνια)","6.10 Βραχίονας 2 | Πέρας σκυροδεμάτων, οπτοπλινθοδομών, λιθοδομών",2026-03-01,2026-03-20,task,20
6.13 Βραχίονας 2 | Εξωτερικά επιχρίσματα/αρμολογήματα λιθοδομής/βαφές (κέλυφος),"6.10 Βραχίονας 2 | Πέρας σκυροδεμάτων, οπτοπλινθοδομών, λιθοδομών",2026-03-06,2026-04-19,task,45
6.14 Βραχίονας 2 | Υγρομόνωση WC/ντους/κουζίνας + δοκιμή στεγανότητας,"6.10 Βραχίονας 2 | Πέρας σκυροδεμάτων, οπτοπλινθοδομών, λιθοδομών",2026-04-01,2026-04-10,task,10
6.15 Βραχίονας 2 | Προμήθεια αντλίας θερμότητας & εξωτερικών μονάδων (παραγγελία),"6.10 Βραχίονας 2 | Πέρας σκυροδεμάτων, οπτοπλινθοδομών, λιθοδομών",2026-03-31,2026-05-14,task,45
"6.16 Βραχίονας 2 | Εγκατάσταση αντλίας θερμότητας, υδραυλικές/ηλ. συνδέσεις",6.15 Βραχίονας 2 | Προμήθεια αντλίας θερμότητας & εξωτερικών μονάδων (παραγγελία),2027-03-14,2027-03-23,task,10
6.17 Βραχίονας 2 | Πισίνα: εκσκαφή/ξυλότυποι/Ο/Σ κελύφους,6.02 Βραχίονας 2 | Εκσκαφές θεμελίων & διαμόρφωση πρανών (ανά κτίριο),2025-12-09,2026-01-02,task,25
"6.18 Βραχίονας 2 | Πισίνα: στεγάνωση/επένδυση/Η/Μ εξοπλισμός (αντλία, φίλτρα)",6.17 Βραχίονας 2 | Πισίνα: εκσκαφή/ξυλότυποι/Ο/Σ κελύφους,2026-01-03,2026-01-27,task,25
"6.19 Βραχίονας 2 | Πισίνα: δοκιμές, ρύθμιση, παράδοση","6.18 Βραχίονας 2 | Πισίνα: στεγάνωση/επένδυση/Η/Μ εξοπλισμός (αντλία, φίλτρα)",2026-01-28,2026-02-03,task,7
"6.20 Βραχίονας 2 | Υδραυλικές εργασίες Α΄φάσης (ύδρευση, αποχέτευση, όμβρια)","6.10 Βραχίονας 2 | Πέρας σκυροδεμάτων, οπτοπλινθοδομών, λιθοδομών",2026-03-02,2026-07-01,task,100
"6.21 Βραχίονας 2 | Ηλεκτρολογικές εργασίες Α' φάσης (καλωδιώσεις, χωνευτά μέρη1)0","6.10 Βραχίονας 2 | Πέρας σκυροδεμάτων, οπτοπλινθοδομών, λιθοδομών",2026-03-02,2026-07-01,task,100
6.22 Βραχίονας 2 | Κλιματισμός - αερισμός,"6.10 Βραχίονας 2 | Πέρας σκυροδεμάτων, οπτοπλινθοδομών, λιθοδομών",2026-03-02,2026-05-04,task,50
6.23 Βραχίονας 2 | Επιχρίσματα οροφής,"6.10 Βραχίονας 2 | Πέρας σκυροδεμάτων, οπτοπλινθοδομών, λιθοδομών",2026-03-25,2026-04-04,task,10
"6.24 Βραχίονας 2 | Ξηρά δόμηση Α΄φάσης (διαμερισματοποίηση, σχάρωμα και κλείσιμο της μίας πλευράς)",6.23 Βραχίονας 2 | Επιχρίσματα οροφής,2026-04-06,2026-05-15,task,30
"6.25 Βραχίονας 2 | Μεταλλικές κατασκευές (κρεμαστές κατασκευές, μεταλλικός σκελετός επίπλου WC, διαχωριστικών)","6.24 Βραχίονας 2 | Ξηρά δόμηση Α΄φάσης (διαμερισματοποίηση, σχάρωμα και κλείσιμο της μίας πλευράς)",2026-05-16,2026-06-08,task,20
6.26 Βραχίονας 2 | Ξηρά δόμηση Β΄φάση (κλείσιμο και των 2 πλευρών γυψοσανίδα,"6.20 Βραχίονας 2 | Υδραυλικές εργασίες Α΄φάσης (ύδρευση, αποχέτευση, όμβρια); 6.21 Βραχίονας 2 | Ηλεκτρολογικές εργασίες Α' φάσης (καλωδιώσεις, χωνευτά μέρη1)0",2026-07-02,2026-08-05,task,30
6.27 Βραχίονας 2 | Τοποθέτηση ξύλινων κουφωμάτων,6.26 Βραχίονας 2 | Ξηρά δόμηση Β΄φάση (κλείσιμο και των 2 πλευρών γυψοσανίδα,2026-08-06,2026-08-31,task,15
6.28 Βραχίονας 2 | Γεμίσματα δαπέδων,6.27 Βραχίονας 2 | Τοποθέτηση ξύλινων κουφωμάτων,2026-09-01,2026-09-11,task,10
6.29 Βραχίονας 2 | Κτιστοί καναπέδες,6.28 Βραχίονας 2 | Γεμίσματα δαπέδων,2026-09-12,2026-09-23,task,10
6.30 Βραχίονας 2 | Δάπεδα - επενδύσεις από πλακάκι ή μάρμαρο,6.29 Βραχίονας 2 | Κτιστοί καναπέδες,2026-09-24,2026-12-02,task,60
6.31 Βραχίονας 2 | Ελαιοχρωματισμοί,6.30 Βραχίονας 2 | Δάπεδα - επενδύσεις από πλακάκι ή μάρμαρο,2026-12-03,2027-04-05,task,100
"6.32 Βραχίονας 2 | Ξυλουργικές εργασίες (ντουλάπες, ράφια, custom έπιπλα, κεφαλάρια)",6.30 Βραχίονας 2 | Δάπεδα - επενδύσεις από πλακάκι ή μάρμαρο,2027-01-14,2027-02-05,task,20
"6.33 Βραχίονας 2 | Τοποθέτηση υαλουργικών (καθρέπτες, γυάλινες πόρτες WC)",6.30 Βραχίονας 2 | Δάπεδα - επενδύσεις από πλακάκι ή μάρμαρο,2027-01-14,2027-01-19,task,5
"6.34 Βραχίονας 2 | Υδραυλικές εργασίες Β΄φάσης (τοποθέτηση ειδών υγιεινής,",6.31 Βραχίονας 2 | Ελαιοχρωματισμοί,2027-04-06,2027-04-22,task,15
6.35 Βραχίονας 2 | Ηλεκτρολογικές εργασίες Β΄φάσης (τοποθέτηση,6.31 Βραχίονας 2 | Ελαιοχρωματισμοί,2027-04-06,2027-04-22,task,15
6.36 Βραχίονας 2 | Spa area,"6.10 Βραχίονας 2 | Πέρας σκυροδεμάτων, οπτοπλινθοδομών, λιθοδομών",2026-03-02,2026-11-03,task,200
6.37 Βραχίονας 2 | Commissioning,"6.34 Βραχίονας 2 | Υδραυλικές εργασίες Β΄φάσης (τοποθέτηση ειδών υγιεινής,; 6.35 Βραχίονας 2 | Ηλεκτρολογικές εργασίες Β΄φάσης (τοποθέτηση",2027-04-23,2027-05-15,task,20
6.38 Βραχίονας 2 | καθαρισμός εργοταξίου,6.37 Βραχίονας 2 | Commissioning,2027-05-17,2027-05-21,task,5
6.39 Βραχίονας 2 | πέρας κατασκευής,6.38 Βραχίονας 2 | καθαρισμός εργοταξίου,2027-05-22,2027-05-22,milestone,1
7.00 Βραχίονας 3 | Σύνολο εργασιών,,2025-11-03,2027-02-18,task,473
"7.01 Βραχίονας 3 | Χάραξη/χαρτογράφηση - παραλαβή αξόνων, υψομετρικά",,2025-11-03,2025-11-04,task,2
7.02 Βραχίονας 3 | Εκσκαφές θεμελίων & διαμόρφωση πρανών (ανά κτίριο),"7.01 Βραχίονας 3 | Χάραξη/χαρτογράφηση - παραλαβή αξόνων, υψομετρικά",2025-11-05,2025-11-14,task,10
7.03 Βραχίονας 3 | Αντιστηρίξεις/προσωρινές υποστηρίξεις & αποστράγγιση (ανά κτίριο),7.02 Βραχίονας 3 | Εκσκαφές θεμελίων & διαμόρφωση πρανών (ανά κτίριο),2025-11-15,2025-11-24,task,10
7.04 Βραχίονας 3 | Θεμελιώσεις (πέδιλα/δοκοί/πλάκα) + γειώσεις θεμελίου,7.03 Βραχίονας 3 | Αντιστηρίξεις/προσωρινές υποστηρίξεις & αποστράγγιση (ανά κτίριο),2025-11-25,2025-12-06,task,12
7.05 Βραχίονας 3 | Φέρων οργανισμός Ο/Σ (ισόγειο/όροφος/κλίμακες/δώμα),7.04 Βραχίονας 3 | Θεμελιώσεις (πέδιλα/δοκοί/πλάκα) + γειώσεις θεμελίου,2025-12-07,2026-01-10,task,35
"7.06 Βραχίονας 3 | Τοιχοποιίες/λιθοδομές, σενάζ, αρμολογήματα (συνοπτικά)",7.05 Βραχίονας 3 | Φέρων οργανισμός Ο/Σ (ισόγειο/όροφος/κλίμακες/δώμα),2026-01-11,2026-01-30,task,20
"7.10 Βραχίονας 3 | Πέρας σκυροδεμάτων, οπτοπλινθοδομών, λιθοδομών","7.06 Βραχίονας 3 | Τοιχοποιίες/λιθοδομές, σενάζ, αρμολογήματα (συνοπτικά)",2026-01-30,2026-01-30,milestone,1
7.11 Βραχίονας 3 | Παραγγελία/έγκριση ξυλοκουφωμάτων (shop drawings & samples),"7.10 Βραχίονας 3 | Πέρας σκυροδεμάτων, οπτοπλινθοδομών, λιθοδομών",2026-01-31,2026-03-31,task,60
"7.12 Βραχίονας 3 | Στέγη/υγρομόνωση/θερμομόνωση (σκεπή, βεράντες, μπαλκόνια)","7.10 Βραχίονας 3 | Πέρας σκυροδεμάτων, οπτοπλινθοδομών, λιθοδομών",2026-01-31,2026-02-19,task,20
7.13 Βραχίονας 3 | Εξωτερικά επιχρίσματα/αρμολογήματα λιθοδομής/βαφές (κέλυφος),"7.10 Βραχίονας 3 | Πέρας σκυροδεμάτων, οπτοπλινθοδομών, λιθοδομών",2026-02-05,2026-03-21,task,45
7.14 Βραχίονας 3 | Υγρομόνωση WC/ντους/κουζίνας + δοκιμή στεγανότητας,"7.10 Βραχίονας 3 | Πέρας σκυροδεμάτων, οπτοπλινθοδομών, λιθοδομών",2026-03-02,2026-03-11,task,10
7.15 Βραχίονας 3 | Προμήθεια αντλίας θερμότητας & εξωτερικών μονάδων (παραγγελία),"7.10 Βραχίονας 3 | Πέρας σκυροδεμάτων, οπτοπλινθοδομών, λιθοδομών",2026-03-02,2026-04-15,task,45
"7.16 Βραχίονας 3 | Εγκατάσταση αντλίας θερμότητας, υδραυλικές/ηλ. συνδέσεις",7.15 Βραχίονας 3 | Προμήθεια αντλίας θερμότητας & εξωτερικών μονάδων (παραγγελία),2026-12-11,2026-12-20,task,10
7.17 Βραχίονας 3 | Πισίνα: εκσκαφή/ξυλότυποι/Ο/Σ κελύφους,7.02 Βραχίονας 3 | Εκσκαφές θεμελίων & διαμόρφωση πρανών (ανά κτίριο),2025-11-10,2025-12-04,task,25
"7.18 Βραχίονας 3 | Πισίνα: στεγάνωση/επένδυση/Η/Μ εξοπλισμός (αντλία, φίλτρα)",7.17 Βραχίονας 3 | Πισίνα: εκσκαφή/ξυλότυποι/Ο/Σ κελύφους,2025-12-05,2025-12-29,task,25
"7.19 Βραχίονας 3 | Πισίνα: δοκιμές, ρύθμιση, παράδοση","7.18 Βραχίονας 3 | Πισίνα: στεγάνωση/επένδυση/Η/Μ εξοπλισμός (αντλία, φίλτρα)",2025-12-30,2026-01-05,task,7
"7.20 Βραχίονας 3 | Υδραυλικές εργασίες Α΄φάσης (ύδρευση, αποχέτευση, όμβρια)","7.10 Βραχίονας 3 | Πέρας σκυροδεμάτων, οπτοπλινθοδομών, λιθοδομών",2026-01-31,2026-04-16,task,60
"7.21 Βραχίονας 3 | Ηλεκτρολογικές εργασίες Α' φάσης (καλωδιώσεις, χωνευτά μέρη)","7.10 Βραχίονας 3 | Πέρας σκυροδεμάτων, οπτοπλινθοδομών, λιθοδομών",2026-01-31,2026-04-16,task,60
7.22 Βραχίονας 3 | Κλιματισμός - αερισμός,"7.10 Βραχίονας 3 | Πέρας σκυροδεμάτων, οπτοπλινθοδομών, λιθοδομών",2026-01-31,2026-02-23,task,20
7.23 Βραχίονας 3 | Επιχρίσματα οροφής,7.22 Βραχίονας 3 | Κλιματισμός - αερισμός,2026-02-24,2026-02-28,task,5
"7.24 Βραχίονας 3 | Ξηρά δόμηση Α΄φάσης (διαμερισματοποίηση, σχάρωμα και κλείσιμο της μίας πλευράς)",7.23 Βραχίονας 3 | Επιχρίσματα οροφής,2026-03-02,2026-03-24,task,20
"7.25 Βραχίονας 3 | Μεταλλικές κατασκευές (κρεμαστές κατασκευές, μεταλλικός σκελετός επίπλου WC, διαχωριστικών)","7.24 Βραχίονας 3 | Ξηρά δόμηση Α΄φάσης (διαμερισματοποίηση, σχάρωμα και κλείσιμο της μίας πλευράς)",2026-03-25,2026-04-22,task,20
7.26 Βραχίονας 3 | Ξηρά δόμηση Β΄φάση (κλείσιμο και των 2 πλευρών γυψοσανίδα,"7.20 Βραχίονας 3 | Υδραυλικές εργασίες Α΄φάσης (ύδρευση, αποχέτευση, όμβρια); 7.21 Βραχίονας 3 | Ηλεκτρολογικές εργασίες Α' φάσης (καλωδιώσεις, χωνευτά μέρη)",2026-04-17,2026-05-15,task,25
7.27 Βραχίονας 3 | Τοποθέτηση ξύλινων κουφωμάτων,7.26 Βραχίονας 3 | Ξηρά δόμηση Β΄φάση (κλείσιμο και των 2 πλευρών γυψοσανίδα,2026-05-16,2026-06-02,task,15
7.28 Βραχίονας 3 | Γεμίσματα δαπέδων,7.27 Βραχίονας 3 | Τοποθέτηση ξύλινων κουφωμάτων,2026-06-03,2026-06-08,task,5
7.29 Βραχίονας 3 | Κτιστοί καναπέδες,7.28 Βραχίονας 3 | Γεμίσματα δαπέδων,2026-06-09,2026-06-25,task,15
7.30 Βραχίονας 3 | Δάπεδα - επενδύσεις από πλακάκι ή μάρμαρο,7.29 Βραχίονας 3 | Κτιστοί καναπέδες,2026-06-26,2026-08-31,task,50
7.31 Βραχίονας 3 | Ελαιοχρωματισμοί,7.30 Βραχίονας 3 | Δάπεδα - επενδύσεις από πλακάκι ή μάρμαρο,2026-09-01,2027-01-01,task,100
"7.32 Βραχίονας 3 | Ξυλουργικές εργασίες (ντουλάπες, ράφια, custom έπιπλα, κεφαλάρια)",7.30 Βραχίονας 3 | Δάπεδα - επενδύσεις από πλακάκι ή μάρμαρο,2026-10-06,2026-10-28,task,20
"7.33 Βραχίονας 3 | Τοποθέτηση υαλουργικών (καθρέπτες, γυάλινες πόρτες WC)",7.30 Βραχίονας 3 | Δάπεδα - επενδύσεις από πλακάκι ή μάρμαρο,2026-10-06,2026-10-10,task,5
"7.34 Βραχίονας 3 | Υδραυλικές εργασίες Β΄φάσης (τοποθέτηση ειδών υγιεινής,",7.31 Βραχίονας 3 | Ελαιοχρωματισμοί,2027-01-02,2027-01-19,task,15
7.35 Βραχίονας 3 | Ηλεκτρολογικές εργασίες Β΄φάσης (τοποθέτηση,7.31 Βραχίονας 3 | Ελαιοχρωματισμοί,2027-01-02,2027-01-19,task,15
7.36 Βραχίονας 3 | Commissioning,"7.34 Βραχίονας 3 | Υδραυλικές εργασίες Β΄φάσης (τοποθέτηση ειδών υγιεινής,; 7.35 Βραχίονας 3 | Ηλεκτρολογικές εργασίες Β΄φάσης (τοποθέτηση",2027-01-20,2027-02-11,task,20
7.37 Βραχίονας 3 | καθαρισμός εργοταξίου,7.36 Βραχίονας 3 | Commissioning,2027-02-12,2027-02-17,task,5
7.38 Βραχίονας 3 | πέρας κατασκευής,7.37 Βραχίονας 3 | καθαρισμός εργοταξίου,2027-02-18,2027-02-18,milestone,1
8.00 Βραχίονας 4 | Σύνολο εργασιών,,2026-01-01,2027-02-01,task,397
"8.01 Βραχίονας 4 | Χάραξη/χαρτογράφηση - παραλαβή αξόνων, υψομετρικά",,2026-01-01,2026-01-02,task,2
8.02 Βραχίονας 4 | Εκσκαφές θεμελίων & διαμόρφωση πρανών (ανά κτίριο),"8.01 Βραχίονας 4 | Χάραξη/χαρτογράφηση - παραλαβή αξόνων, υψομετρικά",2026-01-03,2026-01-12,task,10
8.03 Βραχίονας 4 | Αντιστηρίξεις/προσωρινές υποστηρίξεις & αποστράγγιση (ανά κτίριο),8.02 Βραχίονας 4 | Εκσκαφές θεμελίων & διαμόρφωση πρανών (ανά κτίριο),2026-01-13,2026-01-22,task,10
8.04 Βραχίονας 4 | Θεμελιώσεις (πέδιλα/δοκοί/πλάκα) + γειώσεις θεμελίου,8.03 Βραχίονας 4 | Αντιστηρίξεις/προσωρινές υποστηρίξεις & αποστράγγιση (ανά κτίριο),2026-01-23,2026-02-03,task,12
8.05 Βραχίονας 4 | Φέρων οργανισμός Ο/Σ (ισόγειο/όροφος/κλίμακες/δώμα),8.04 Βραχίονας 4 | Θεμελιώσεις (πέδιλα/δοκοί/πλάκα) + γειώσεις θεμελίου,2026-02-04,2026-03-10,task,35
"8.06 Βραχίονας 4 | Τοιχοποιίες/λιθοδομές, σενάζ, αρμολογήματα (συνοπτικά)",8.05 Βραχίονας 4 | Φέρων οργανισμός Ο/Σ (ισόγειο/όροφος/κλίμακες/δώμα),2026-03-11,2026-03-30,task,20
"8.10 Βραχίονας 4 | Πέρας σκυροδεμάτων, οπτοπλινθοδομών, λιθοδομών","8.06 Βραχίονας 4 | Τοιχοποιίες/λιθοδομές, σενάζ, αρμολογήματα (συνοπτικά)",2026-03-30,2026-03-30,milestone,1
8.11 Βραχίονας 4 | Παραγγελία/έγκριση ξυλοκουφωμάτων (shop drawings & samples),"8.10 Βραχίονας 4 | Πέρας σκυροδεμάτων, οπτοπλινθοδομών, λιθοδομών",2026-03-31,2026-05-29,task,60
"8.12 Βραχίονας 4 | Στέγη/υγρομόνωση/θερμομόνωση (σκεπή, βεράντες, μπαλκόνια)","8.10 Βραχίονας 4 | Πέρας σκυροδεμάτων, οπτοπλινθοδομών, λιθοδομών",2026-03-31,2026-04-19,task,20
8.13 Βραχίονας 4 | Εξωτερικά επιχρίσματα/αρμολογήματα λιθοδομής/βαφές (κέλυφος),"8.10 Βραχίονας 4 | Πέρας σκυροδεμάτων, οπτοπλινθοδομών, λιθοδομών",2026-04-05,2026-05-19,task,45
8.14 Βραχίονας 4 | Υγρομόνωση WC/ντους/κουζίνας + δοκιμή στεγανότητας,"8.10 Βραχίονας 4 | Πέρας σκυροδεμάτων, οπτοπλινθοδομών, λιθοδομών",2026-04-30,2026-05-09,task,10
8.15 Βραχίονας 4 | Προμήθεια αντλίας θερμότητας & εξωτερικών μονάδων (παραγγελία),"8.10 Βραχίονας 4 | Πέρας σκυροδεμάτων, οπτοπλινθοδομών, λιθοδομών",2026-04-30,2026-06-13,task,45
"8.16 Βραχίονας 4 | Εγκατάσταση αντλίας θερμότητας, υδραυλικές/ηλ. συνδέσεις",8.15 Βραχίονας 4 | Προμήθεια αντλίας θερμότητας & εξωτερικών μονάδων (παραγγελία),2026-11-23,2026-12-02,task,10
8.17 Βραχίονας 4 | Πισίνα: εκσκαφή/ξυλότυποι/Ο/Σ κελύφους,8.02 Βραχίονας 4 | Εκσκαφές θεμελίων & διαμόρφωση πρανών (ανά κτίριο),2026-01-08,2026-02-01,task,25
"8.18 Βραχίονας 4 | Πισίνα: στεγάνωση/επένδυση/Η/Μ εξοπλισμός (αντλία, φίλτρα)",8.17 Βραχίονας 4 | Πισίνα: εκσκαφή/ξυλότυποι/Ο/Σ κελύφους,2026-02-02,2026-02-26,task,25
"8.19 Βραχίονας 4 | Πισίνα: δοκιμές, ρύθμιση, παράδοση","8.18 Βραχίονας 4 | Πισίνα: στεγάνωση/επένδυση/Η/Μ εξοπλισμός (αντλία, φίλτρα)",2026-02-27,2026-03-05,task,7
"8.20 Βραχίονας 4 | Υδραυλικές εργασίες Α΄φάσης (ύδρευση, αποχέτευση, όμβρια)","8.10 Βραχίονας 4 | Πέρας σκυροδεμάτων, οπτοπλινθοδομών, λιθοδομών",2026-03-31,2026-05-21,task,40
"8.21 Βραχίονας 4 | Ηλεκτρολογικές εργασίες Α' φάσης (καλωδιώσεις, χωνευτά μέρη)","8.10 Βραχίονας 4 | Πέρας σκυροδεμάτων, οπτοπλινθοδομών, λιθοδομών",2026-03-31,2026-05-21,task,40
8.22 Βραχίονας 4 | Κλιματισμός - αερισμός,"8.10 Βραχίονας 4 | Πέρας σκυροδεμάτων, οπτοπλινθοδομών, λιθοδομών",2026-03-31,2026-04-16,task,10
8.23 Βραχίονας 4 | Επιχρίσματα οροφής,8.22 Βραχίονας 4 | Κλιματισμός - αερισμός,2026-04-29,2026-05-04,task,5
"8.24 Βραχίονας 4 | Ξηρά δόμηση Α΄φάσης (διαμερισματοποίηση, σχάρωμα και",8.23 Βραχίονας 4 | Επιχρίσματα οροφής,2026-05-05,2026-05-15,task,10
"8.25 Βραχίονας 4 | Μεταλλικές κατασκευές (κρεμαστές κατασκευές, μεταλλικός","8.24 Βραχίονας 4 | Ξηρά δόμηση Α΄φάσης (διαμερισματοποίηση, σχάρωμα και",2026-05-16,2026-05-27,task,10
8.26 Βραχίονας 4 | Ξηρά δόμηση Β΄φάση (κλείσιμο και των 2 πλευρών γυψοσανίδα,"8.20 Βραχίονας 4 | Υδραυλικές εργασίες Α΄φάσης (ύδρευση, αποχέτευση, όμβρια); 8.21 Βραχίονας 4 | Ηλεκτρολογικές εργασίες Α' φάσης (καλωδιώσεις, χωνευτά μέρη)",2026-05-22,2026-06-08,task,15
8.27 Βραχίονας 4 | Τοποθέτηση ξύλινων κουφωμάτων,8.26 Βραχίονας 4 | Ξηρά δόμηση Β΄φάση (κλείσιμο και των 2 πλευρών γυψοσανίδα,2026-06-09,2026-06-19,task,10
8.28 Βραχίονας 4 | Γεμίσματα δαπέδων,8.27 Βραχίονας 4 | Τοποθέτηση ξύλινων κουφωμάτων,2026-06-20,2026-06-25,task,5
8.29 Βραχίονας 4 | Κτιστοί καναπέδες,8.28 Βραχίονας 4 | Γεμίσματα δαπέδων,2026-06-26,2026-07-01,task,5
8.30 Βραχίονας 4 | Δάπεδα - επενδύσεις από πλακάκι ή μάρμαρο,8.29 Βραχίονας 4 | Κτιστοί καναπέδες,2026-07-02,2026-08-05,task,30
8.31 Βραχίονας 4 | Ελαιοχρωματισμοί,8.30 Βραχίονας 4 | Δάπεδα - επενδύσεις από πλακάκι ή μάρμαρο,2026-08-06,2026-12-08,task,100
"8.32 Βραχίονας 4 | Ξυλουργικές εργασίες (ντουλάπες, ράφια, custom έπιπλα,",8.30 Βραχίονας 4 | Δάπεδα - επενδύσεις από πλακάκι ή μάρμαρο,2026-09-18,2026-10-10,task,20
"8.33 Βραχίονας 4 | Τοποθέτηση υαλουργικών (καθρέπτες, γυάλινες πόρτες WC)",8.30 Βραχίονας 4 | Δάπεδα - επενδύσεις από πλακάκι ή μάρμαρο,2026-09-18,2026-09-23,task,5
"8.34 Βραχίονας 4 | Υδραυλικές εργασίες Β΄φάσης (τοποθέτηση ειδών υγιεινής,",8.31 Βραχίονας 4 | Ελαιοχρωματισμοί,2026-12-09,2027-01-01,task,15
8.35 Βραχίονας 4 | Ηλεκτρολογικές εργασίες Β΄φάσης (τοποθέτηση,8.31 Βραχίονας 4 | Ελαιοχρωματισμοί,2026-12-09,2027-01-01,task,15
8.36 Βραχίονας 4 | Commissioning,"8.34 Βραχίονας 4 | Υδραυλικές εργασίες Β΄φάσης (τοποθέτηση ειδών υγιεινής,; 8.35 Βραχίονας 4 | Ηλεκτρολογικές εργασίες Β΄φάσης (τοποθέτηση",2027-01-02,2027-01-25,task,20
8.37 Βραχίονας 4 | καθαρισμός εργοταξίου,8.36 Βραχίονας 4 | Commissioning,2027-01-26,2027-01-30,task,5
8.38 Βραχίονας 4 | πέρας κατασκευής,8.37 Βραχίονας 4 | καθαρισμός εργοταξίου,2027-02-01,2027-02-01,milestone,1
9.00 Περιβάλλων χώρος | Σύνολο,"2.01 Εργοταξιακή εγκατάσταση (γραφεία, αποθήκες, WC, σήμανση)",2026-01-30,2027-10-20,task,629
9.01 Χωματουργικά/levelling (διαμόρφωση περιβάλλοντος χώρου),"3.01 Γενικές χωματουργικές εργασίες (cut/fill, διαμόρφωση πλατώματος)",2026-01-30,2026-02-28,task,30
9.02 Υποδομές εξωτερικών δαπέδων/κρασπέδων/υποβάσεων,9.01 Χωματουργικά/levelling (διαμόρφωση περιβάλλοντος χώρου),2026-03-01,2026-04-29,task,60
9.03 Εξωτερικές λιθοδομές/στηθαία/μάντρες (όπου απαιτείται),3.02 Αντιστήριξη πρανών/τοιχία αντιστήριξης (site-wide) – κατασκευή,2026-03-11,2026-06-18,task,100
9.04 Δίκτυα άρδευσης (υποδομές) & παροχές σε κήπους,"4.01 Δίκτυο ύδρευσης (κεντρικές σωληνώσεις, φρεάτια, υδρομετρητές) – υποδομές",2026-05-30,2026-10-06,task,130
9.05 Εξωτερικός φωτισμός/ιστοί/φωτιστικά – εγκατάσταση,4.05 Κεντρική ηλεκτροδότηση/γείωση/φρεάτια καλωδίων (υποδομές),2026-10-01,2027-01-31,task,123
9.20 Περιβάλλων χώρος | Περίφραξη - πόρτα εισόδου,"4.04 Βιολογικός: Η/Μ εξοπλισμός, σωληνώσεις, πίνακας, δοκιμές",2026-07-31,2026-08-31,task,20
9.21 Περιβάλλων χώρος | Ηλεκτρολογικές εργασίες,"4.04 Βιολογικός: Η/Μ εξοπλισμός, σωληνώσεις, πίνακας, δοκιμές",2026-03-31,2026-12-02,task,200
9.22 Περιβάλλων χώρος | Υδραυλικές εργασίες,"4.04 Βιολογικός: Η/Μ εξοπλισμός, σωληνώσεις, πίνακας, δοκιμές",2026-03-31,2026-12-02,task,200
9.23 Περιβάλλων χώρος | Γεμίσματα δαπέδων,9.21 Περιβάλλων χώρος | Ηλεκτρολογικές εργασίες; 9.22 Περιβάλλων χώρος | Υδραυλικές εργασίες,2026-12-03,2027-01-01,task,20
9.24 Περιβάλλων χώρος | Δαπεδοστρώσεις,9.23 Περιβάλλων χώρος | Γεμίσματα δαπέδων,2027-01-02,2027-04-28,task,100
9.25 Περιβάλλων χώρος | Ειδικές κατασκευές - πέργκολες,9.24 Περιβάλλων χώρος | Δαπεδοστρώσεις,2027-04-29,2027-06-25,task,50
9.26 Περιβάλλων χώρος | Landscape,9.25 Περιβάλλων χώρος | Ειδικές κατασκευές - πέργκολες,2027-06-26,2027-10-20,task,100
10.01 Commissioning Plan (integrated) & checklists,"1.05 Εβδομαδιαίο project controls: πρόγραμμα (Gantt), αναφορές, ρίσκα, RFIs",2027-01-01,2027-01-15,task,15
"10.02 Integrated testing: Η/Μ, πισίνες, βιολογικός, δικτυακές υποδομές","5.35 Βραχίονας 1 | πέρας κατασκευής; 6.39 Βραχίονας 2 | πέρας κατασκευής; 7.38 Βραχίονας 3 | πέρας κατασκευής; 8.38 Βραχίονας 4 | πέρας κατασκευής; 4.04 Βιολογικός: Η/Μ εξοπλισμός, σωληνώσεις, πίνακας, δοκιμές",2027-05-01,2027-06-30,task,61
10.03 Punch list / snagging (όλα τα κτίρια) + αποκαταστάσεις,5.35 Βραχίονας 1 | πέρας κατασκευής; 6.39 Βραχίονας 2 | πέρας κατασκευής; 7.38 Βραχίονας 3 | πέρας κατασκευής; 8.38 Βραχίονας 4 | πέρας κατασκευής,2027-06-01,2027-08-15,task,76
"10.04 Πιστοποιήσεις/βεβαιώσεις (Η/Μ, στεγανότητες, δεξαμενές, γειώσεις)","10.02 Integrated testing: Η/Μ, πισίνες, βιολογικός, δικτυακές υποδομές",2027-06-15,2027-09-15,task,93
"10.05 Ολοκλήρωση φακέλου παράδοσης (as-built, O&M, εγγυήσεις)","1.08 As-built σχέδια, O&M manuals, εγγυήσεις, training φακέλου παράδοσης",2027-06-15,2027-10-01,task,109
10.06 Training προσωπικού λειτουργίας & δοκιμαστική λειτουργία,"10.02 Integrated testing: Η/Μ, πισίνες, βιολογικός, δικτυακές υποδομές",2027-09-01,2027-10-10,task,40
10.07 Προσωρινή παραλαβή (Provisional Acceptance),5.35 Βραχίονας 1 | πέρας κατασκευής; 6.39 Βραχίονας 2 | πέρας κατασκευής; 7.38 Βραχίονας 3 | πέρας κατασκευής; 8.38 Βραχίονας 4 | πέρας κατασκευής; 9.25 Περιβάλλων χώρος | Ειδικές κατασκευές - πέργκολες; 10.03 Punch list / snagging (όλα τα κτίρια) + αποκαταστάσεις,2027-10-12,2027-10-12,milestone,1
10.08 Οριστική παράδοση / παραλαβή έργου,"10.07 Προσωρινή παραλαβή (Provisional Acceptance); 9.26 Περιβάλλων χώρος | Landscape; 10.05 Ολοκλήρωση φακέλου παράδοσης (as-built, O&M, εγγυήσεις); 10.06 Training προσωπικού λειτουργίας & δοκιμαστική λειτουργία",2027-10-20,2027-10-20,milestone,1
